EMERGING_RISK_ID,ALERT_NAME,TITLE,SUMMARY,KEYWORDS,PUBLISHED_DATE,LINK,SOURCE,SOURCE_URL,SENTIMENT,POLARITY
7,2024 Presidential Election,What you need to know about the House speaker election - CNN,"CNN ‚ÄîThe 119th Congress will begin on Friday, ushering in a new era of Republican control in Washington that will start with a high-stakes leadership fight to pick the next House speaker.
How many votes Johnson needs to winTo be elected speaker, a candidate must win a majority of votes out of all votes cast.
Members can vote for anyone they wantThere‚Äôs no rule that the speaker must be a House member.
The House will need to hold a second speaker vote if Johnson fails to win in the first round.
Traditionally, without a speaker, the House can do nothing besides vote to elect a speaker, vote to recess and vote to adjourn.","['gop', 'johnson', 'majority', 'speaker', 'votes', 'voting', 'members', 'elected', 'vote', 'house', 'present']",2025-01-03,https://www.cnn.com/2025/01/03/politics/election-house-speaker-explained/index.html,CNN,https://www.cnn.com,neutral,0.877
17,Disruptive financial regulation,Navigating The Tug-Of-War Between Innovation And Regulation In DeFi - Forbes,"For the DeFi Education Fund, the Blockchain Association, and the Texas Blockchain Council, this is about more than just legal arguments.
This unfortunate rulemaking is a direct threat to financial innovation, and we intend to fight it using every tool available to us.""
An Example Of InnovationA notable example of the tension between innovation and regulation in decentralized finance (DeFi) involves the platform Uniswap.
It‚Äôs about ensuring that the U.S. remains a global leader in technological innovation, rather than stifling that innovation through overly burdensome regulation.
How we choose to regulate DeFi, blockchain, and other emerging technologies will shape the trajectory of the digital economy for years to come.","['legal', 'navigating', 'decentralized', 'irs', 'rule', 'blockchain', 'texas', 'tugofwar', 'regulation', 'financial', 'innovation', 'regulatory', 'defi']",2025-01-03,https://www.forbes.com/sites/digital-assets/2025/01/03/navigating-the-tug-of-war-between-innovation-and-regulation-in-defi/,Forbes,https://www.forbes.com,negative,-0.131
7,2024 Presidential Election,"Venezuela offers $100,000 reward for arrest of exiled opposition candidate - BBC.com","Gonz√°lez had vowed to return to Venezuela before President Nicol√°s Maduro's inauguration next Friday, accusing the government of rigging the vote.
Venezuela's government has offered a $100,000 (¬£81,000) reward for information leading to the arrest of the opposition's exiled presidential candidate Edmundo Gonz√°lez.
The United Nations' Human Rights Committee has ordered Venezuela ""to refrain from destroying"" the voting tallies from the presidential election in July 2024.
The government-aligned National Electoral Council (CNE) declared the incumbent, Maduro, the winner but failed to provide the voting tallies to back up its claim.
Gonz√°lez was not well known in Venezuela when he registered as a candidate for the country's presidential election back in March.","['maduro', 'presidential', 'gonz√°lez', 'opposition', 'candidate', 'election', 'arrest', 'voting', 'venezuela', 'offers', 'exiled', 'tallies', 'reward', '100000']",2025-01-03,https://www.bbc.com/news/articles/cr560471ll2o,BBC.com,https://www.bbc.com,negative,-0.099
15,Quantum Computing,Jim Cramer cautions against speculating on nuclear power and quantum computing - CNBC,"CNBC's Jim Cramer on Thursday warned investors about speculating too heavily in sectors such as nuclear power and quantum computing, saying it may be a long time before either field yields substantial returns.
""This year, I see two themes that I want to caution people about: nuclear power and quantum computing,"" he said.
While quantum computing is legitimate, Cramer said it will also take a long time to scale, and it's ""just a long-term project,"" pointing to ventures in the field from Alphabet .
He said he is concerned about quantum-focused stocks that have run up substantially but are losing money, such as Rigetti Computing , D-Wave Quantum and Quantum Computing .
""Look, I believe in nuclear power, but when GE Vernova, the company that arguably has the most to gain from it, says discouraging things about an uptick in commercial nuclear power coming any time soon, when quantum computing seems very much in its infancy, well,"" he said.","['nuclear', 'long', 'vernova', 'power', 'computing', 'suggested', 'cautions', 'smaller', 'quantum', 'jim', 'speculating', 'cramer']",2025-01-03,https://www.cnbc.com/2025/01/02/jim-cramer-cautions-speculating-on-nuclear-power-and-quantum-computing.html,CNBC,https://www.cnbc.com,negative,-0.068
4,Commercial Real Estate,Female Developers Navigate Discrimination in a Male-Dominated Field - The New York Times,,[],2025-01-03,https://www.nytimes.com/2025/01/03/realestate/female-real-estate-developers-discrimination.html,The New York Times,https://www.nytimes.com,neutral,0.0
7,2024 Presidential Election,GOP trust in election accuracy rises after Trump‚Äôs victory: Survey - The Hill,,[],2025-01-03,https://thehill.com/homenews/campaign/5065340-republican-confidence-2024-election/,The Hill,https://thehill.com,neutral,0.0
7,2024 Presidential Election,Why Trump has so much riding on the House speaker vote - CNN,"CNN ‚ÄîHouse speaker elections on Friday are less about Mike Johnson and more about Donald Trump.
Such moves will demand unity and political dexterity for which the House GOP is hardly renowned.
In a sign of the importance of the speaker vote, Trump has agreed to call potential holdouts, CNN‚Äôs Kristen Holmes and Alayna Treene reported.
This is no small task given the splits in the House GOP conference and the fact that a majority of one is hardly a functioning majority.
Speaker of the House Mike Johnson walks to the House Chamber from his office at the US Capitol on December 20.","['cnns', 'gop', 'johnson', 'trump', 'speaker', 'republican', 'election', 'riding', 'republicans', 'vote', 'house']",2025-01-03,https://www.cnn.com/2025/01/03/politics/trump-johnson-speaker-election-analysis/index.html,CNN,https://www.cnn.com,positive,+0.043
10,Conflict with China,U.S. Companies Vouched for China During Trump‚Äôs First Term. Not Anymore. - The Wall Street Journal,,[],2025-01-02,https://www.wsj.com/world/china/u-s-companies-vouched-for-china-during-trumps-first-term-not-anymore-fada8f7b,The Wall Street Journal,https://www.wsj.com,neutral,0.0
7,2024 Presidential Election,Indonesia court says vote threshold for presidential candidates not legally binding - Reuters,,[],2025-01-02,https://www.reuters.com/world/asia-pacific/indonesia-court-says-vote-threshold-presidential-candidates-not-legally-binding-2025-01-02/,Reuters,https://www.reuters.com,neutral,0.0
7,2024 Presidential Election,Canada‚Äôs Crypto Industry Is Taking Lessons From US Election Wins - Bloomberg,"Why did this happen?
Please make sure your browser supports JavaScript and cookies and that you are not blocking them from loading.
For more information you can review our Terms of Service and Cookie Policy.","['review', 'robot', 'sure', 'terms', 'service', 'information', 'happenplease', 'javascript', 'loading', 'supports', 'policy']",2025-01-02,https://www.bloomberg.com/news/articles/2025-01-02/canada-s-crypto-industry-is-taking-lessons-from-us-election-wins,Bloomberg,https://www.bloomberg.com,positive,+0.23
9,Anti-regulator policy focus,This week‚Äôs cover - The Economist,"T his week we consider the economy-policy team that Donald Trump has assembled and how it will shape his second term.
Others are Republican mainstreamers who believe in low tax and small government.
And this time Mr Trump has also introduced a new faction that makes the mix more volatile still: the tech bros from Silicon Valley.
The contrasting visions will translate into policy disputes that could hobble Mr Trump.
Tech‚Äôs arrival in Washington is a big risk.","['visions', 'volatile', 'trump', 'big', 'mr', 'washington', 'cover', 'translate', 'valley', 'weeks', 'week', 'term']",2025-01-02,https://www.economist.com/the-world-this-week/2025/01/02/this-weeks-cover,The Economist,https://www.economist.com,negative,-0.077
9,Anti-regulator policy focus,Tech is coming to Washington. Prepare for a clash of cultures - The Economist,"Donald Trump has not even got to the White House, and his raucous court of advisers have rounded on each other.
In recent days Elon Musk and other tech tycoons have traded insults with the MAGA crowd over highly skilled migration.
What seems like a petty spat over visas is in fact a sign of a much deeper rift.
For the first time, tech is coming to Washington‚Äîand its worldview is strikingly at odds with the maga movement.
The ways in which these tensions are resolved, and who gains the upper hand, will profoundly affect America‚Äôs economy and its financial markets over the next four years.","['prepare', 'visas', 'tech', 'clash', 'worldview', 'maga', 'turned', 'washington', 'coming', 'cultures', 'ways', 'washingtonand', 'upper', 'tycoons', 'white']",2025-01-02,https://www.economist.com/leaders/2025/01/02/tech-is-coming-to-washington-prepare-for-a-clash-of-cultures,The Economist,https://www.economist.com,positive,+0.084
1,Macroeconomic Downturn,China‚Äôs box office had a terrible 2024 - CNN,"The top box office draw last year was ‚ÄúYolo,‚Äù a feminist film starring and directed by Jia Ling, who plays a 30-something woman who loses weight and gains confidence by taking up boxing.
Costfoto/NurPhoto/Getty ImagesBut, of course, the overall box office was soft.
The trend is believed to have contributed to America‚Äôs box office declining by 3% last year, compared to 2023, to $8.72 billion, according to calculations by Deadline.
The takings were 38 million yuan ($5.2 million), less than a quarter of last year‚Äôs and the lowest since Maoyan began keeping records in 2011.
Last month, the China Film Administration introduced a subsidy program to help the ailing box office.","['economic', 'yuan', 'movie', 'slump', 'plummeted', 'official', 'chinas', 'office', 'according', 'million', 'contrast', 'sharp', 'box', 'longheld', '2024', 'theory', 'china']",2025-01-02,https://www.cnn.com/2025/01/02/business/china-box-office-2024-economy-intl-hnk/index.html,CNN,https://www.cnn.com,positive,+0.101
10,Conflict with China,"Drugs, Scams and Sin: Myanmar‚Äôs War Has Made It the Global Crime Capital - The New York Times",,[],2025-01-02,https://www.nytimes.com/2024/12/31/world/asia/myanmar-drugs-crime.html,The New York Times,https://www.nytimes.com,neutral,0.0
7,2024 Presidential Election,Johnson allies warn that a speakership battle could delay Trump‚Äôs victory certification - CNN,"But this time, there‚Äôs a huge shadow over the race: Congress has never before tried to certify a presidential election without a House speaker in place.
Dusty Johnson told CNN.
President, let‚Äôs go ahead and do that,‚Äô so he did,‚Äù Johnson told News Radio 710 KEEL with a chuckle on Tuesday.
Traditionally, without a speaker, the House can do nothing besides vote to elect a speaker, vote to recess and vote to adjourn.
Some Republicans are privately discussing ways to push the procedural limits so that Congress could certify Trump‚Äôs win without a leader.","['warn', 'speakership', 'johnson', 'trump', 'gop', 'delay', 'allies', 'speaker', 'republicans', 'certification', 'vote', 'trumps', 'battle', 'told', 'house', 'win', 'victory']",2025-01-02,https://www.cnn.com/2025/01/02/politics/johnson-speakership-election-trump-certification/index.html,CNN,https://www.cnn.com,positive,+0.114
13,Artificial Intelligence,Would an artificial-intelligence bubble be so bad? - The Economist,"A little over a decade ago Seth Klarman, a hedge-fund titan, worried that an asset-price bubble was emerging.
He identified Tesla as one of the firms best exemplifying exuberance in the market.
At the time, Elon Musk‚Äôs electric-vehicle company was worth around $30bn.
Today its stockmarket value is $1.3trn.","['worried', 'seth', 'value', 'worth', 'musks', 'bubble', 'tesla', 'stockmarket', 'bad', 'artificialintelligence', 'titan', 'market', 'today']",2025-01-02,https://www.economist.com/finance-and-economics/2025/01/02/would-an-artificial-intelligence-bubble-be-so-bad,The Economist,https://www.economist.com,positive,+0.153
13,Artificial Intelligence,AI ready to hit its stride in schools in 2025 - The Hill,,[],2025-01-02,https://thehill.com/homenews/education/5060341-2025-ai-artificial-intelligence-k-12-schools/,The Hill,https://thehill.com,neutral,0.0
15,Quantum Computing,Leading the Quantum AI Revolution: AQSolotl Solidifies Milestone Collaboration in Singapore - Reuters,,[],2025-01-02,https://www.reuters.com/press-releases/leading-the-quantum-ai-revolution-aqsolotl-solidifies-milestone-collaboration-in-singapore-2025-01-02/,Reuters,https://www.reuters.com,neutral,0.0
16,Demographic shift in aging registered reps (and investment advisors),Pensions: the industry where women are in charge - Financial Times,"Try unlimited access Only $1 for 4 weeksThen $75 per month.
Complete digital access to quality FT journalism on any device.
Cancel anytime during your trial.","['digital', 'pensions', 'journalism', 'women', 'unlimited', 'industry', 'quality', 'month', 'trial', 'try', 'access', 'ft', 'charge', 'weeksthen']",2025-01-02,https://www.ft.com/content/347edc71-2f13-43ef-a4f9-6cd8bd69542e,Financial Times,https://www.ft.com,negative,-0.074
23,Deepfakes,Deepfakes can cause long-lasting damage to children - CNN,"Fifteen percent of students and 11% of teachers were aware of deepfakes of people at their school that were intimate or sexually explicit.
With schools often failing to take measures to protect students, parents need to talk to their kids about why they should never create or engage with intimate deepfakes.
Educating kids about the harmsEven when deepfakes aren‚Äôt real, parents should discuss that their harms can be.
She said parents should make sure kids know that if they see deepfakes they can come to them for help without worrying about being punished.
Parents can reach out to a lawyer if they or their child are victims, and Lieberman said victims shouldn‚Äôt assume they can‚Äôt afford one.","['victims', 'students', 'school', 'schools', 'lieberman', 'know', 'need', 'kids', 'social', 'deepfakes', 'parents']",2025-01-02,https://www.cnn.com/2025/01/02/health/deepfakes-social-media-wellness/index.html,CNN,https://www.cnn.com,negative,-0.134
13,Artificial Intelligence,5 Big Advances Last Year In Artificial Intelligence - Forbes,"There will never be another year like 2024 again for artificial intelligence.
But here are some of the big ones that stand out to me as I look back through the last 365 days.
Liquid neural networks change the essential structure of the digital organism, in order to allow for much more powerful AI cognition on fewer resources.
So now we‚Äôre able to ‚Äútalk to our pockets‚Äù quite literally, and that‚Äôs a big difference.
AI is Winning at MultimediaHere‚Äôs one more big overarching premise of the work that people have done with AI in 2024.","['neural', 'going', 'intelligence', 'thats', 'saw', 'big', 'transformer', 'real', 'ai', 'artificial', '2024', 'talk', 'advances', 'powerful']",2025-01-02,https://www.forbes.com/sites/johnwerner/2025/01/02/5-big-advances-last-year-in-artificial-intelligence/,Forbes,https://www.forbes.com,positive,+0.142
23,Deepfakes,"The dangers of deepfakes, how to quiet food noise, movie preview: Catch up on the day‚Äôs stories - CNN","Editor‚Äôs Note: CNN‚Äôs 5 Things newsletter is your one-stop shop for the latest headlines and fascinating stories to start and end your busy day.
3Ô∏è‚É£ ‚ÄòAn insatiable itch‚Äô: You might be familiar with that relentless internal chatter about food that many people experience.
Here‚Äôs why some are turning to weight-loss medications to help quiet food noise.
5Ô∏è‚É£ Movie preview: After a year filled with mutants, aliens, gladiators and witches, there‚Äôs a new crop of films on the horizon.
Good vibes‚ù§Ô∏è‚Äçü©π Parents united: Gabby Petito‚Äôs father is turning tragedy into purpose by advocating for missing people of color.","['catch', 'food', 'movie', 'cnns', 'thats', 'quiet', 'start', 'preview', 'things', 'theyre', 'days', 'turning', 'noise', 'deepfakes', 'dangers', 'headlines', 'parents', 'space']",2025-01-02,https://www.cnn.com/2025/01/02/us/5-things-pm-january-2-trnd/index.html,CNN,https://www.cnn.com,positive,+0.117
7,2024 Presidential Election,Opinion | James Carville: I Was Wrong About the 2024 Election. Here‚Äôs Why. - The New York Times,,[],2025-01-02,https://www.nytimes.com/2025/01/02/opinion/democrats-donald-trump-economy.html,The New York Times,https://www.nytimes.com,neutral,0.0
2,Institutional collapse within the financial sector,Crypto industry dreams of a golden era under Trump - Financial Times,"To read this article for free Register for FT Edit nowOnce registered, you can: ‚Ä¢ Read this article and many more, free for 30 days with no card details required ‚Ä¢ Enjoy 8 thought-provoking articles a day chosen for you by senior editors ‚Ä¢ Download the award-winning FT Edit app to access audio, saved articles and more","['required', 'era', 'free', 'edit', 'trump', 'industry', 'crypto', 'senior', 'golden', 'dreams', 'articles', 'saved', 'read', 'ft', 'article', 'thoughtprovoking']",2025-01-02,https://www.ft.com/content/af23fffc-e560-42eb-84a0-f25ca8d693c0,Financial Times,https://www.ft.com,positive,+0.192
7,2024 Presidential Election,Here‚Äôs How Mike Johnson‚Äôs Speakership Bid Could Come Undone - The New York Times,,[],2025-01-02,https://www.nytimes.com/2025/01/02/us/politics/mike-johnson-speakership-vote-explainer.html,The New York Times,https://www.nytimes.com,neutral,0.0
6,Geopolitical Tensions,Gold climbs to over two-week high on safe-haven demand; Trump's policies in focus - Reuters,,[],2025-01-02,https://www.reuters.com/markets/commodities/gold-nudges-higher-market-awaits-us-data-economic-cues-2025-01-02/,Reuters,https://www.reuters.com,neutral,0.0
7,2024 Presidential Election,How many votes did Trump get? Election results in full - The Telegraph,"MethodologyData is sourced from the National Election Pool, a consortium of American news outlets which collects together voting data from across the United States.
This data is collected by reporters across the country, as well as government-run streams of results.
The data is collected at both state and county level, allowing us to explore trends at a localised level.
Calls for who has won a state is decided by the National Election Pool, not the Telegraph.
Once an election is called, the number of Electoral College Votes that state has is added to the overall tally.","['called', 'won', 'pool', 'trump', 'data', 'election', 'votes', 'national', 'voting', 'collected', 'results', 'state', 'weeks']",2025-01-01,https://www.telegraph.co.uk/us-election/presidential-election-2024-harris-trump-latest-results/,The Telegraph,https://www.telegraph.co.uk,positive,+0.097
2,Institutional collapse within the financial sector,"If crypto is incorporated into Australia‚Äôs financial system, we will be lucky to avoid contagious collapse - The Guardian","As a principal adviser to the then treasurer Wayne Swan, Jim Chalmers had a ringside seat to observe the impact of the global financial crisis on the Australian economy and financial system.
But a few days ago, Jim Chalmers made comments suggesting that Australia‚Äôs financial system will not be insulated from a crisis that seems all too likely to emerge in the next few years.
Much of the concern about the incorporation of crypto into the financial system has focused on the fact that crypto prices are highly volatile.
A combination of good luck and good management, in which Jim Chalmers played a prominent role, helped Australia avoid most of the consequences of the GFC.
If crypto is allowed to play a prominent role in our financial system, we will be counting entirely on luck to avoid a future disaster.","['collapse', 'chalmers', 'crypto', 'system', 'avoid', 'price', 'role', 'financial', 'australia', 'incorporated', 'assets', 'john', 'jim', 'currency', 'quiggin', 'contagious', 'lucky']",2025-01-01,https://www.theguardian.com/technology/commentisfree/2024/dec/31/if-crypto-is-incorporated-into-australias-financial-system-we-will-be-lucky-to-avoid-contagious-collapse,The Guardian,https://www.theguardian.com,positive,+0.185
16,Demographic shift in aging registered reps (and investment advisors),The best life insurance companies of January 2025 - CNBC,"Amica Life Insurance Highlights Amica offers a level term life insurance and whole life insurance policies payable for 20 years or until ages 65 or 100.
LEARN MORE Terms Apply Pacific Life Life Insurance Highlights Pacific Life offers term, permanent and no-exam life insurance, with an accelerated death benefit included at no charge.
Whole life insurance Assuming you keep up with payments, whole life insurance policies remain in effect for your entire life.
Universal life insurance Unlike term and whole life insurance, universal life insurance has premiums and a cash value component that fluctuate and death benefits that aren't guaranteed.
Our methodologyTo determine the best life insurance companies, CNBC Select collected data points on dozens of U.S. life insurance companies that write individual policies.","['available', 'policy', 'universal', '2025', 'pay', 'insurance', 'companies', 'life', 'best', 'coverage', 'policies', 'term']",2025-01-01,https://www.cnbc.com/select/best-life-insurance-companies/,CNBC,https://www.cnbc.com,positive,+0.088
7,2024 Presidential Election,"U.S. imposes Russia, Iran sanctions over attempted election interference - The Washington Post","The Treasury Department announced new sanctions Tuesday on Iranian and Russian entities accused of trying to interfere with the U.S. 2024 elections, including by allegedly using artificial intelligence to disseminate false information.
In its statement, Treasury said it was imposing sanctions on both a subsidiary of Iran‚Äôs Islamic Revolutionary Guard Corps and an affiliate of Russia‚Äôs military intelligence agency over their efforts to ‚Äústoke sociopolitical tensions and influence the U.S. electorate during the 2024 election.‚Äù Treasury‚Äôs statement also said the Russian entity used AI tools to ‚Äúquickly create disinformation that would be distributed across a massive network‚Äù of fake news websites and produced ‚Äúbaseless accusations‚Äù about a 2024 vice-presidential candidate, whom Treasury declined to identify.","['russia', 'using', 'treasury', 'intelligence', 'vicepresidential', 'sanctions', 'iran', 'websites', 'election', 'russian', 'statement', 'imposes', 'attempted', '2024', 'interference', 'used']",2025-01-01,https://www.washingtonpost.com/national-security/2024/12/31/russia-iran-election-sanctions/,The Washington Post,https://www.washingtonpost.com,positive,+0.107
9,Anti-regulator policy focus,"Elon Musk wants weak Europe, says Germany's vice chancellor - Reuters",,[],2024-12-31,https://www.reuters.com/world/europe/elon-musk-wants-weak-europe-says-germanys-vice-chancellor-2024-12-30/,Reuters,https://www.reuters.com,neutral,0.0
7,2024 Presidential Election,"US imposes sanctions on entities in Iran, Russia over election interference - Reuters",,[],2024-12-31,https://www.reuters.com/world/us-issues-fresh-iran-russia-sanctions-over-election-interference-treasury-dept-2024-12-31/,Reuters,https://www.reuters.com,neutral,0.0
10,Conflict with China,Opinion | A China-Taiwan War Would Start an Economic Crisis. America Isn‚Äôt Ready. - The New York Times,,[],2024-12-31,https://www.nytimes.com/2024/12/31/opinion/china-taiwan-war-america.html,The New York Times,https://www.nytimes.com,neutral,0.0
5,Supply chain disruptions,Is Bringing Manufacturing Home Just An American Dream? - Forbes,"Furthermore, a need for manufacturing reliability in an increasingly uncertain geopolitical environment is pushing more companies to examine manufacturing closer to home.
Navigating higher costs of labor and capital are the first steps in bringing manufacturing back from overseas, and challenges like labor shortages and implementing smart technologies are opportunities for enabling firms.
The Need For A Resilient Manufacturing SectorCalls to reshore manufacturing to the United States are not new, but recent events have amplified their urgency.
The government as a whole has a broad pro-US stance when it comes to manufacturing, especially manufacturing goods critical to national security.
Half of those jobs will be created because of retirements in the manufacturing industry, not because of new manufacturing growth.","['factories', 'american', 'automation', 'capital', 'manufacturing', 'manufacturers', 'dream', 'labor', 'need', 'companies', 'factory', 'goods', 'bringing']",2024-12-31,https://www.forbes.com/sites/greatspeculations/2024/12/31/is-bringing-manufacturing-home-just-an-american-dream/,Forbes,https://www.forbes.com,positive,+0.133
9,Anti-regulator policy focus,Justice Department asks Supreme Court to reinstate anti-money laundering law - The Hill,,[],2024-12-31,https://thehill.com/regulation/court-battles/5061807-justice-department-asks-supreme-court-to-reinstate-anti-money-laundering-law/,The Hill,https://thehill.com,neutral,0.0
15,Quantum Computing,China is catching up with America in quantum technology - The Economist,"I n a SMALL shop in the eastern Chinese city of Hefei, one of the rarest pieces of technology in the world is on display.
The quantum computer in the showroom of Origin, a Chinese startup, looks ready to be plucked from the shelf and fired up.
Only 20 such devices are produced globally each year.
It is unclear what in the showroom is for sale, but none of it is supposed to be seen by foreigners.
During your correspondent‚Äôs visit, which was agreed on in advance, the company panicked at the sight of a foreigner, abruptly cancelled interviews and notified the police.","['world', 'chinese', 'technology', 'small', 'visit', 'unclear', 'startup', 'quantum', 'showroom', 'supposed', 'catching', 'sight', 'america', 'china']",2024-12-31,https://www.economist.com/business/2024/12/31/china-is-catching-up-with-america-in-quantum-technology,The Economist,https://www.economist.com,negative,-0.092
4,Commercial Real Estate,"Home tax bills to rise in Maryland, as residential and commercial property values climb 20% - Baltimore Sun","Boeing still needs a culture change to put safety above profits, according to the head of the FAA","['property', 'climb', 'needs', 'change', 'faa', 'maryland', 'according', 'rise', 'tax', 'values', '20', 'profits', 'head', 'safety', 'bills', 'culture', 'boeing']",2024-12-30,https://www.baltimoresun.com/2024/12/30/home-tax-bills-to-rise-in-maryland-as-property-values-climb-20/,Baltimore Sun,https://www.baltimoresun.com,positive,+0.263
15,Quantum Computing,The Quantum Cybersecurity Revolution: Arguably The Biggest Startup Opportunity In 2025 - Forbes,"Among the most affected fields is cybersecurity, because the threat of quantum decryption makes many of the current cybersecurity systems obsolete.
The Problem: The Threat Of Quantum DecryptionThe most direct impact of quantum computing on cybersecurity is its ability to undermine current encryption methods.
Quantum Computing For Cyber DefenseQuantum computing is not just a threat to cybersecurity but also a potential tool for defense.
The Growing Importance Of CollaborationAddressing the cybersecurity implications of quantum computing requires global collaboration among governments, academia, and the private sector.
Startups also play a key role, as they often pioneer specialized solutions in encryption, threat detection, and secure communication.","['encryption', 'arguably', '2025', 'biggest', 'opportunity', 'methods', 'threat', 'data', 'cybersecurity', 'computing', 'systems', 'quantum', 'companies', 'revolution', 'computers', 'startup']",2024-12-30,https://www.forbes.com/sites/abdoriani/2024/12/30/the-quantum-cybersecurity-revolution-arguably-the-biggest-startup-opportunity-in-2025/,Forbes,https://www.forbes.com,positive,+0.153
4,Commercial Real Estate,Fast Food And Convenience Stores Are Good Real Estate Investments Now - Forbes,"A Circle K convenience store's front is pictured in Los Angeles, California, November 20, 2024.
What location means for retailSomething to consider is that the phrase ‚Äúlocation, location, location‚Äù is often misinterpreted by owners and investors.
The two retail types with the lowest vacancies ‚Äî both below 2% ‚Äî were convenience stores and fast food.
""Convenience stores are flourishing, transforming into some of the most exciting dining and tourist destinations in the country,"" Placer.ai said.
Good yields versus risk-free returnsConsumer demand for what convenience stores and fast food offer supports the industry‚Äôs need for more space.","['food', 'convenience', 'investments', 'retail', 'chains', 'real', 'yields', 'vacancy', 'stores', 'estate', 'vacancies', 'commercial', 'good', 'fast', 'location', '2024']",2024-12-30,https://www.forbes.com/sites/eriksherman/2024/12/29/fast-food-and-convenience-stores-are-good-real-estate-investments-now/,Forbes,https://www.forbes.com,positive,+0.084
7,2024 Presidential Election,Poland's electoral commission reverses decision on opposition party funding - Reuters,,[],2024-12-30,https://www.reuters.com/world/europe/polands-electoral-commission-reverses-decision-opposition-party-funding-2024-12-30/,Reuters,https://www.reuters.com,neutral,0.0
7,2024 Presidential Election,Trump vs Harris: live results map of the US presidential election - Financial Times,"Each state has a number of electors equal to the number of senators and representatives it has in Congress.
(Washington DC is treated like the smallest states, with three electoral votes.)
All but two states award all of their electors to the candidate who receives the most votes, regardless of how narrow the victory.
Maine and Nebraska allocate two electoral votes to the statewide winner and one to the winner in each of their congressional districts.
Alaska and Maine require candidates to win an outright majority through ranked-choice voting.","['states', 'maine', 'work', 'presidential', 'map', 'trump', 'live', 'election', 'votes', 'electors', 'electoral', 'number', 'vs', 'winner', 'results', 'state', 'harris', 'win']",2024-12-30,https://ig.ft.com/us-elections/2024/results/president/,Financial Times,https://ig.ft.com,positive,+0.229
7,2024 Presidential Election,How Elon Musk Has Planted Himself Almost Literally at Trump‚Äôs Doorstep - The New York Times,,[],2024-12-30,https://www.nytimes.com/2024/12/30/us/politics/elon-musk-trump-mar-a-lago.html,The New York Times,https://www.nytimes.com,neutral,0.0
7,2024 Presidential Election,Twelve months that crippled Jimmy Carter‚Äôs presidency - The Washington Post,"For Jimmy Carter, the 12 months that culminated in the 1980 general election were marked by economic turmoil, international humiliation and a political challenge from the most recognizable family name in the Democratic Party.
Together, they would drive Carter from office, leaving a punctuation mark on his one-term presidency that only the passage of time, and his remarkable post-presidency, have helped to change.","['remarkable', 'punctuation', 'passage', 'months', 'carters', 'jimmy', 'crippled', 'carter', 'turmoil', 'recognizable', 'postpresidency', 'party', 'presidency', 'political']",2024-12-30,https://www.washingtonpost.com/politics/2024/12/30/jimmy-carter-presidency/,The Washington Post,https://www.washingtonpost.com,positive,+0.106
15,Quantum Computing,Bitcoin‚Äôs Endgame: Quantum Computing Comes For BTC - Forbes,"What does quantum computing mean for bitcoin?
We‚Äôre going to take a deeper look at quantum computing and the threat it poses to bitcoin.
In short, quantum computing will certainly necessitate a change to bitcoin‚Äôs protocol within the next few years, similar to the computer upgrades triggered by Y2K.
Nonetheless, quantum computing is a threat to bitcoin that must be taken seriously, and bitcoin‚Äôs protocol will need be updated sooner than later.
Quantum computing promises breakthroughs in fields ranging from medicine to advanced materials, unlocking possibilities and innovations that we can scarcely imagine today ‚Äì and we are so here for it.","['bitcoin', 'encryption', 'computer', 'btc', 'computing', 'cryptographic', 'cryptography', 'systems', 'endgame', 'comes', 'quantum', 'pqc', 'secure', 'bitcoins']",2024-12-29,https://www.forbes.com/sites/davidbirnbaum/2024/12/28/bitcoins-endgame-quantum-computing-comes-for-btc/,Forbes,https://www.forbes.com,negative,-0.076
7,2024 Presidential Election,Croatian Leader Who Doubts Ukraine Aid Wins First-Round Vote - Bloomberg,"Why did this happen?
Please make sure your browser supports JavaScript and cookies and that you are not blocking them from loading.
For more information you can review our Terms of Service and Cookie Policy.","['review', 'robot', 'sure', 'terms', 'service', 'information', 'happenplease', 'javascript', 'loading', 'supports', 'policy']",2024-12-29,https://www.bloomberg.com/news/articles/2024-12-29/croatia-s-president-milanovic-wins-second-term-exit-poll-shows,Bloomberg,https://www.bloomberg.com,positive,+0.23
1,Macroeconomic Downturn,Investors have delivered their verdict on corporate sector raids - The Telegraph,Chancellor Rachel Reeves was far from alone in her decision to raid businesses in her maiden BudgetCredit : Yves Herman/REUTERS,"['raids', 'maiden', 'investors', 'raid', 'far', 'delivered', 'verdict', 'sector', 'corporate', 'yves', 'reeves', 'rachel', 'hermanreuters', 'decision', 'chancellor', 'businesses']",2024-12-29,https://www.telegraph.co.uk/business/2024/12/29/squeeze-on-big-business-will-make-europe-uninvestable/,The Telegraph,https://www.telegraph.co.uk,negative,-0.095
7,2024 Presidential Election,Column: After a bruising election year in America what will 2025 bring? - Los Angeles Times,"As we enter 2025, here‚Äôs how they‚Äôre leaving behind the old and ushering in the new.
Many of us can‚Äôt even remember the big events of 2024 outside of a presidential campaign like no other.
If exhaustion is the word to close out 2024, I‚Äôm nominating ‚Äúcommitment‚Äù as the word for 2025.
AdvertisementIf I were to choose a word for 2025, I suppose I‚Äôd go with ‚Äúcurious.‚Äù As in curious to see what 2025 brings with a president hellbent on disruption (war with Panama, anyone?
To all the readers who have stuck with Mark and me through this election, I appreciate your willingness to hear our perspectives.","['think', '2025', 'trump', 'election', 'word', 'column', 'california', 'president', 'campaign', 'bruising', 'bring', 'mark', 'america', 'history']",2024-12-29,https://www.latimes.com/politics/story/2024-12-29/chabria-barabak-2024-year-politics-culture-in-review,Los Angeles Times,https://www.latimes.com,negative,-0.109
2,Institutional collapse within the financial sector,Why 2025 Could Be a Great Year for Big Banks - The Wall Street Journal,,[],2024-12-29,https://www.wsj.com/finance/banking/why-2025-could-be-a-great-year-for-big-banks-0c90310c,The Wall Street Journal,https://www.wsj.com,neutral,0.0
17,Disruptive financial regulation,India is overlooking the climate drag on its economic growth - Financial Times,"Try unlimited access Only $1 for 4 weeksThen $75 per month.
Complete digital access to quality FT journalism on any device.
Cancel anytime during your trial.","['climate', 'economic', 'digital', 'growth', 'journalism', 'overlooking', 'unlimited', 'india', 'quality', 'month', 'drag', 'try', 'trial', 'access', 'ft', 'weeksthen']",2024-12-29,https://www.ft.com/content/927a4c8b-db4c-4a46-af68-71c5a03452ab,Financial Times,https://www.ft.com,negative,-0.074
7,2024 Presidential Election,Incumbent Milanovic on track to win Croatia's presidential election - Reuters,,[],2024-12-29,https://www.reuters.com/world/europe/croats-vote-elect-new-president-2024-12-29/,Reuters,https://www.reuters.com,neutral,0.0
10,Conflict with China,Inside China‚Äôs plan to conquer the Pacific - The Telegraph,"American allies, in Korea, Japan, Taiwan and the Philippines, have equal reason for concern.
‚ÄúThey look out at the Pacific, and they see tens of thousands of US military personnel in South Korea, tens more thousands in Japan.
The Taiwan issueBut beyond pushing back the US, what is China‚Äôs big Pacific idea?
‚ÄúSecondly, the Taiwan issue is part of the root cause for China‚Äôs military modernisation, and this also includes building its own military capability and competitive capability around the South China Sea,‚Äù says Yu.
Linking Japan, Taiwan, the Philippines, Borneo and Vietnam, the string of archipelagos effectively separates the East and South China Seas from the wider Pacific.","['japan', 'pacific', 'chinese', 'chinas', 'plan', 'taiwan', 'global', 'south', 'america', 'inside', 'military', 'philippines', 'conquer', 'china']",2024-12-28,https://www.telegraph.co.uk/news/2024/12/28/china-plan-conquer-pacific-taiwan-beijing-war/,The Telegraph,https://www.telegraph.co.uk,positive,+0.041
7,2024 Presidential Election,Joe Biden‚Äôs lonely battle to sell his vision of American democracy - The Washington Post,"The truth of Biden‚Äôs presidency is that he failed in what was by his own account his most important mission: making Trump‚Äôs presidency seem like an aberration.
They showed that Biden, even at the peak of his power, struggled mightily to communicate his decisions and vision.
‚ÄúPresident Biden and his supporters often yearn for a world that disappeared.
The president was so convinced that voters‚Äô top priority was American democracy that he often made it his central campaign message.
The ultimate farewell to Biden‚Äôs presidency, and perhaps to his way of politics, will take place on Jan. 20, when Biden attends his successor‚Äôs inauguration, disregarding that Trump skipped Biden‚Äôs four years earlier.","['biden', 'american', 'trump', 'lonely', 'presidency', 'vision', 'president', 'bidens', 'white', 'sell', 'democrats', 'trumps', 'battle', 'political', 'democracy', 'joe', 'aides']",2024-12-28,https://www.washingtonpost.com/politics/2024/12/28/bidens-lonely-battle-to-sell-american-democracy/,The Washington Post,https://www.washingtonpost.com,positive,+0.134
7,2024 Presidential Election,"Romania to Rerun Presidential Election on March 23, Digi Reports - Bloomberg","Why did this happen?
Please make sure your browser supports JavaScript and cookies and that you are not blocking them from loading.
For more information you can review our Terms of Service and Cookie Policy.","['review', 'robot', 'sure', 'terms', 'service', 'information', 'happenplease', 'javascript', 'loading', 'supports', 'policy']",2024-12-28,https://www.bloomberg.com/news/articles/2024-12-28/romania-to-rerun-presidential-election-on-march-23-digi-reports,Bloomberg,https://www.bloomberg.com,positive,+0.23
4,Commercial Real Estate,Commercial real estate executive is buyer of Michael Jordan‚Äôs mansion - Chicago Tribune,"A commercial real estate executive with a Lincolnwood-based firm has been revealed as the buyer who paid $9.5 million on Dec. 10 for retired Bulls superstar Michael Jordan‚Äôs massive mansion on 8.4 acres in Highland Park.
John Cooper, a general partner with Lincolnwood-based HAN Capital, on Dec. 27 told the Lincoln Journal Star newspaper in his native Nebraska that he was the buyer of Jordan‚Äôs mansion.
Public records only had revealed that the buyer was a land trust whose beneficiary could not yet be determined.
Cooper‚Äôs purchase of Jordan‚Äôs mansion brought to a close a roughly 12-year chapter in which the retired Hall of Famer had tried to sell his mansion in Highland Park.
He told the Journal Star that he is putting the finishing touches on plans for the estate ‚Äî plans that he said he intends to share after the start of the year.","['buyer', 'jordans', 'michael', 'cooper', 'real', 'executive', 'journal', 'million', 'star', 'plans', 'mansion', 'estate', 'square', 'commercial', 'told']",2024-12-28,https://www.chicagotribune.com/2024/12/28/real-estate-executive-is-buyer-of-michael-jordans-mansion/,Chicago Tribune,https://www.chicagotribune.com,positive,+0.056
